{"cameraMode":{"drawMode":0,"name":"Shaded","section":"Shading Mode"},"sceneLighting":true,"audioPlay":false,"sceneViewState":{"m_AlwaysRefresh":false,"showFog":true,"showSkybox":true,"showFlares":true,"showImageEffects":true,"showParticleSystems":true,"showVisualEffectGraphs":true,"m_FxEnabled":true},"in2DMode":false,"pivot":{"x":-0.8439776301383972,"y":-1.4215033054351807,"z":18.792953491210939},"rotation":{"x":-0.010806040838360787,"y":0.024592693895101548,"z":-0.00026305593200959265,"w":-0.9996441602706909},"size":19.417972564697267,"orthographic":false}